{"cameraMode":{"drawMode":0,"name":"Shaded","section":"Shading Mode"},"sceneLighting":false,"audioPlay":false,"sceneViewState":{"m_AlwaysRefresh":false,"showFog":true,"showSkybox":false,"showFlares":true,"showImageEffects":true,"showParticleSystems":true,"showVisualEffectGraphs":true,"m_FxEnabled":true},"in2DMode":false,"pivot":{"x":-0.5263321995735169,"y":-1.3025044202804566,"z":1.2742372751235963},"rotation":{"x":-0.39291849732398989,"y":0.008853651583194733,"z":-0.003701953450217843,"w":-0.9195566773414612},"size":3.825197696685791,"orthographic":false}