{"cameraMode":{"drawMode":0,"name":"Shaded","section":"Shading Mode"},"sceneLighting":false,"audioPlay":false,"sceneViewState":{"m_AlwaysRefresh":false,"showFog":true,"showSkybox":false,"showFlares":true,"showImageEffects":true,"showParticleSystems":true,"showVisualEffectGraphs":true,"m_FxEnabled":true},"in2DMode":false,"pivot":{"x":4.830358982086182,"y":0.9504861831665039,"z":0.14667385816574098},"rotation":{"x":-0.23805643618106843,"y":-0.38691115379333498,"z":0.10405418276786804,"w":-0.8848010897636414},"size":0.33166244626045229,"orthographic":false}