{"cameraMode":{"drawMode":0,"name":"Shaded","section":"Shading Mode"},"sceneLighting":false,"audioPlay":false,"sceneViewState":{"m_AlwaysRefresh":false,"showFog":true,"showSkybox":false,"showFlares":true,"showImageEffects":true,"showParticleSystems":true,"showVisualEffectGraphs":true,"m_FxEnabled":true},"in2DMode":false,"pivot":{"x":2.605271100997925,"y":2.4591829776763918,"z":2.7416913509368898},"rotation":{"x":-0.04852106422185898,"y":0.5921781659126282,"z":-0.03575644642114639,"w":-0.8035523295402527},"size":0.24494898319244386,"orthographic":false}