{"cameraMode":{"drawMode":0,"name":"Shaded","section":"Shading Mode"},"sceneLighting":false,"audioPlay":false,"sceneViewState":{"m_AlwaysRefresh":false,"showFog":true,"showSkybox":false,"showFlares":true,"showImageEffects":true,"showParticleSystems":true,"showVisualEffectGraphs":true,"m_FxEnabled":true},"in2DMode":false,"pivot":{"x":1.0570000410079957,"y":0.3700000047683716,"z":4.199999809265137},"rotation":{"x":0.09159297496080399,"y":-0.8388305902481079,"z":0.14900927245616914,"w":0.5155695080757141},"size":0.3674236536026001,"orthographic":false}