{"cameraMode":{"drawMode":0,"name":"Shaded","section":"Shading Mode"},"sceneLighting":false,"audioPlay":false,"sceneViewState":{"m_AlwaysRefresh":false,"showFog":true,"showSkybox":false,"showFlares":true,"showImageEffects":true,"showParticleSystems":true,"showVisualEffectGraphs":true,"m_FxEnabled":true},"in2DMode":false,"pivot":{"x":-0.5183462500572205,"y":0.5006524920463562,"z":1.4383271932601929},"rotation":{"x":-0.06844670325517655,"y":0.9166906476020813,"z":-0.17845501005649568,"w":-0.3510017693042755},"size":0.8660253882408142,"orthographic":false}