{"cameraMode":{"drawMode":0,"name":"Shaded","section":"Shading Mode"},"sceneLighting":true,"audioPlay":false,"sceneViewState":{"m_AlwaysRefresh":false,"showFog":true,"showSkybox":true,"showFlares":true,"showImageEffects":true,"showParticleSystems":true,"showVisualEffectGraphs":true,"m_FxEnabled":true},"in2DMode":false,"pivot":{"x":-0.8125432729721069,"y":1.4152812957763672,"z":-6.898355484008789},"rotation":{"x":-0.16275307536125184,"y":0.29317015409469607,"z":-0.050721537321805957,"w":-0.9407452344894409},"size":1.6760039329528809,"orthographic":false}