{"cameraMode":{"drawMode":0,"name":"Shaded","section":"Shading Mode"},"sceneLighting":true,"audioPlay":false,"sceneViewState":{"m_AlwaysRefresh":false,"showFog":true,"showSkybox":true,"showFlares":true,"showImageEffects":true,"showParticleSystems":true,"showVisualEffectGraphs":true,"m_FxEnabled":true},"in2DMode":false,"pivot":{"x":-18.2270565032959,"y":-12.57229995727539,"z":11.740679740905762},"rotation":{"x":-0.41741734743118288,"y":-0.02804344892501831,"z":0.012976524420082569,"w":-0.9082224369049072},"size":10.527578353881836,"orthographic":false}