{"cameraMode":{"drawMode":0,"name":"Shaded","section":"Shading Mode"},"sceneLighting":true,"audioPlay":false,"sceneViewState":{"m_AlwaysRefresh":false,"showFog":true,"showSkybox":true,"showFlares":true,"showImageEffects":true,"showParticleSystems":true,"showVisualEffectGraphs":true,"m_FxEnabled":true},"in2DMode":false,"pivot":{"x":-13.255369186401368,"y":-3.0414345264434816,"z":8.440925598144532},"rotation":{"x":-0.30597907304763796,"y":0.17911745607852937,"z":-0.0586225725710392,"w":-0.9332258105278015},"size":13.460046768188477,"orthographic":false}