{"cameraMode":{"drawMode":0,"name":"Shaded","section":"Shading Mode"},"sceneLighting":true,"audioPlay":false,"sceneViewState":{"m_AlwaysRefresh":false,"showFog":true,"showSkybox":true,"showFlares":true,"showImageEffects":true,"showParticleSystems":true,"showVisualEffectGraphs":true,"m_FxEnabled":true},"in2DMode":false,"pivot":{"x":1.9076071977615357,"y":7.977653503417969,"z":-6.224581718444824},"rotation":{"x":0.5549160242080689,"y":-0.012270890176296234,"z":0.008072392083704472,"w":0.8318189978599548},"size":11.6862154006958,"orthographic":false}